model,edge,bets,win_rate,units,roi,p_value,log_loss,brier
spread_only,0.0,3795,0.5133069828722002,-12.003565191223322,-0.0031629947802960003,0.9051629881339321,0.6931095899792251,0.2499809594858685
spread_only,0.02,707,0.49363507779349364,-36.326867557101046,-0.05138170800155735,0.9498532781014399,0.6931095899792251,0.2499809594858685
spread_only,0.04,4,0.25,-2.019607843137255,-0.5049019607843137,0.9485810953255074,0.6931095899792251,0.2499809594858685
spread_only,0.06,0,0.0,0.0,0.0,,0.6931095899792251,0.2499809594858685
logistic,0.0,3795,0.500395256916996,-106.7650249624553,-0.028133076406444083,0.9981513216162724,0.6964305838762358,0.2516139956123809
logistic,0.02,2191,0.5025102692834322,-51.79329922324785,-0.023639114205042378,0.9781419645175045,0.6964305838762358,0.2516139956123809
logistic,0.04,1010,0.499009900990099,-29.08425043001427,-0.02879628755446957,0.9461915475031891,0.6964305838762358,0.2516139956123809
logistic,0.06,402,0.472636815920398,-31.741550896514365,-0.07895908183212529,0.9822698130661618,0.6964305838762358,0.2516139956123809
gboost,0.0,3795,0.49828722002635045,-120.18092628064207,-0.031668228268943895,0.9992183160799792,0.7058561883125255,0.25609037261779216
gboost,0.02,2868,0.5,-80.5607135405092,-0.028089509602688006,0.9949227380142739,0.7058561883125255,0.25609037261779216
gboost,0.04,2103,0.4940561103185925,-83.84508905561043,-0.03986927677394695,0.9970407440223964,0.7058561883125255,0.25609037261779216
gboost,0.06,1430,0.4846153846153846,-84.14009402735152,-0.058839226592553515,0.9986149725401109,0.7058561883125255,0.25609037261779216
